apostille_code,security_code,download_status,file_size,file_hash,verification_time
BOUS9XAQDTFH2,2013073851064,success,1182821,562cb4f5783363f952e23422633b289637955954d6358ebe0975c99807675b7d,2026-02-11T19:01:10.246669
IMWM44AZGX6N6,2013073817848,success,1294220,4df67ac6004147cffa470f91cf093aefff25f78c3ddc413ff1444d8fd2bd3327,2026-02-11T19:01:12.516890
CQ0VC27VGTCK6,2013073880545,success,1331050,ceccec87df1c7becace5cf11cd48f707bb56bb7f0a55c4b09ef50d719b9875cd,2026-02-11T19:01:14.425730
IG4Q770QDXGH7,2013074184369,success,9578196,1f68ec4b9e7671e0b8ef228b0bd940c19c7def2ff02b944acda0902bb09724eb,2026-02-11T19:01:17.250890
CFYN438ZLLFN2,2013074127359,success,4705189,c2bd7a87ffe6d91f93763105251426f8c74874cd4058a430fe763d82b6eae64b,2026-02-11T19:01:23.380591
FRWX11FTJU5F9,2013074190032,success,1119222,ebb430d80f52cb9f5bf166167c25d3004e5d4b7dc1826a8f51c72e4d8c43d22a,2026-02-11T19:01:27.575563
EJBU9703FPF54,2013074155734,success,40,a5cb89f7ba7436442742fd3a57c087e2f9ce7ee1de9c61a0c1c3e159f6bfcf43,2026-02-11T19:01:29.690701
CK5O133ZKLJE8,2013074127359,success,2932843,07d7064fe72020b0317ee24f358e1826a24175aac249e21e2454b4acdd1c63ff,2026-02-11T19:01:31.801508
5G2T615VCPFG1,2013073969189,success,633206,ec37be28c4ca695f325161d742b51ed3a3acc634e330b45cf15d9ae32cc32831,2026-02-11T19:01:35.236145
HS5N558YBNEK3,2013074004858,success,1583911,d29aacbe7050087d7d21f41ac5570ef88635685e179e7ce7424ff03a397265e3,2026-02-11T19:01:37.717988
7H2Q3790FZEI5,2013073926618,success,5075808,baf1d7b95082b99da437545cbbc3415bb21ceb1779a8b83ba850c72814c06f43,2026-02-11T19:01:40.233726
4O2V205Z9TCG2,2013073973599,success,925977,22fddc4a52129c8de9d42fa9f78e18bd87e00410ab97117024b0ef843aee74a8,2026-02-11T19:01:44.598410
5S2WF92X7X4R8,2013074079955,success,2253946,10ad0cbf3dda2d851e133e8202797cf5fb8f62472109efb9978eecfb76398a13,2026-02-11T19:01:46.315565
7G6YCW5R9NCP4,2013073967178,success,966472,f7209200c2cb778b43451a0a7da894bc8370b9e30ad44313f7ce32a46bb6161a,2026-02-11T19:01:49.037202
7FYS428VLM4F4,2013074021602,success,3328137,e871f6b13f58c081e093c530f25174df98bdddd03972c6ba2e854b08d29fc1e2,2026-02-11T19:01:50.864450
FN5P1X6ZIP6R3,2013074048357,success,4937932,6baa6e6129584fab184934948ad897bbc098cf5ad362b7e8c6d516ca389347d6,2026-02-11T19:01:53.346452
5GTUD58SJQ5N6,2013073928629,success,4667754,df921c3fabbdd0cc382b6e70cefab38a55e9e0fffdb2ba29e17b3e172c0b9ac4,2026-02-11T19:01:57.589675
6R3U2Y63JZ6M3,2013073928629,success,6597685,ea7f72b08d220763190b558aeeb2bbcb97fc2a1021117f010d48c875c3d42f2a,2026-02-11T19:02:01.587974
CTTO324Z8MDO7,2013074147166,success,2554893,d88d86ed17894d2261189fb69d4306971d0d6a18087a1024983ffa63275e9fbc,2026-02-11T19:02:06.547321
3R3T11BQ6TJI1,2013073973599,success,7622305,38ea85841771be030cefa2a63066a4887b20968f51949845c9db841b9e7759da,2026-02-11T19:02:09.726258
8I2N14CVELIQ5,2013073980269,success,9501374,f7e033be9feddcf46679faade6850577290160c6cd4fdd7db0a760e14c70283e,2026-02-11T19:02:15.324448
9T3M953ZBUHO4,2013073967857,success,955140,d3be6623aea7c2f93ba5ad1c8d406b0e8e5accbffff6055a3f6ac9813ba99c83,2026-02-11T19:02:22.111327
DR4Y1584JW9F4,2013073886585,success,5144841,dd6ceb1fd0e243deefdf1a9d2d1be417693386ddbf89b348c88ad7b4609f8a36,2026-02-11T19:02:24.280892
356V078ZELIK9,2013073928629,success,40,a5cb89f7ba7436442742fd3a57c087e2f9ce7ee1de9c61a0c1c3e159f6bfcf43,2026-02-11T19:02:27.875355
COUQ976XEZCH7,2013074010279,success,1426546,e562ef6a905b9cd7d063f9c7b9f8629ed5a5e47f53729489039024055ef0026b,2026-02-11T19:02:29.465702
9J3V97AV8T4M8,2013074147166,success,1568107,9ca0820345c9065ca6a640be43bd191a2b19a9c25f01c9cf374e3492a96036e0,2026-02-11T19:02:31.810282
DLUX84ASKYII6,2013074013836,success,625397,f55b6507108a060adc0e80bc1fb735f830578775a866344dd40d700255e82629,2026-02-11T19:02:34.158793
3HWVD912FN7H4,2013074053054,success,3399223,f669291013e353e09c186385950b1c55d121d83346a51a120786223303cd55b2,2026-02-11T19:02:36.157273
BO2TCZ6WHSFG4,2013074052736,success,745963,0c45ebce9bead0c0233ac53e9c7a13de0c207b10e77d420327a4769f97dfaf7e,2026-02-11T19:02:39.526371
BO1SF0EVBU6P7,2013073999025,success,40,a5cb89f7ba7436442742fd3a57c087e2f9ce7ee1de9c61a0c1c3e159f6bfcf43,2026-02-11T19:02:41.358973
9OVS71FRKM453,2013073942632,success,40,a5cb89f7ba7436442742fd3a57c087e2f9ce7ee1de9c61a0c1c3e159f6bfcf43,2026-02-11T19:02:43.431075
IPTZ514SCO6R9,2013074007644,success,819136,72a44af1c8e0bc17a94d50a49e6735b86865c851465efd323aeaf3adb0fe9505,2026-02-11T19:02:45.102767
6QTV0Z4VIS7I1,2013074130885,success,2769569,3ec0e00fae4638196259d76f651f11a62b68a57de1246b17cc4505c520471292,2026-02-11T19:02:49.054445
FJXU588SHPDP2,2013074127359,success,7638525,a502290a881d675528902a31f05d56392b3825d54df9220a953cb8337be5e78d,2026-02-11T19:02:52.514369
5L7N238Z7QHH5,2013074147166,success,1395304,41030e786db249ea997ab6945635d37befa6011aee116706ba207f21e5a61f1a,2026-02-11T19:02:58.386393
GGTUEBEZGYGH7,2013074155734,success,6738463,484f586563dedb047426416c5591089e1cf83afe6da6b7bb5af1bb154000e6d4,2026-02-11T19:03:00.475597
DOYO489SCL5K2,2013074137051,success,1318677,3cdf4ddcf416781bc3474dee8b662cd13d5781ac399d9ad0232ad5fcbabd8b79,2026-02-11T19:03:05.718627
