Apostille Code,Security Code,Filename,Size (MB),Status,Integrity,PDF Valid,Pages,Download Time
BOUS9XAQDTFH2,2013073851064,apostille_BOUS9XAQDTFH2_2013073851064.pdf,1.13,downloaded,verified,True,3,2026-02-11T11:52:24.277396
IMWM44AZGX6N6,2013073817848,apostille_IMWM44AZGX6N6_2013073817848.pdf,1.23,downloaded,verified,True,3,2026-02-11T11:52:25.412843
CQ0VC27VGTCK6,2013073880545,apostille_CQ0VC27VGTCK6_2013073880545.pdf,1.27,downloaded,verified,True,3,2026-02-11T11:52:26.552891
IG4Q770QDXGH7,2013074184369,apostille_IG4Q770QDXGH7_2013074184369.pdf,9.13,downloaded,verified,True,11,2026-02-11T11:52:30.279799
CFYN438ZLLFN2,2013074127359,apostille_CFYN438ZLLFN2_2013074127359.pdf,4.49,downloaded,verified,True,8,2026-02-11T11:52:32.693432
FRWX11FTJU5F9,2013074190032,apostille_FRWX11FTJU5F9_2013074190032.pdf,1.07,downloaded,verified,True,3,2026-02-11T11:52:33.913305
EJBU9703FPF54,2013074155734,apostille_EJBU9703FPF54_2013074155734.pdf,0.0,downloaded,verified,False,0,2026-02-11T11:52:35.082036
CK5O133ZKLJE8,2013074127359,apostille_CK5O133ZKLJE8_2013074127359.pdf,2.8,downloaded,verified,True,6,2026-02-11T11:52:36.066146
5G2T615VCPFG1,2013073969189,apostille_5G2T615VCPFG1_2013073969189.pdf,0.6,downloaded,verified,True,3,2026-02-11T11:52:37.140853
HS5N558YBNEK3,2013074004858,apostille_HS5N558YBNEK3_2013074004858.pdf,1.51,downloaded,verified,True,5,2026-02-11T11:52:38.383140
7H2Q3790FZEI5,2013073926618,apostille_7H2Q3790FZEI5_2013073926618.pdf,4.84,downloaded,verified,True,7,2026-02-11T11:52:40.890300
4O2V205Z9TCG2,2013073973599,apostille_4O2V205Z9TCG2_2013073973599.pdf,0.88,downloaded,verified,True,3,2026-02-11T11:52:42.073952
5S2WF92X7X4R8,2013074079955,apostille_5S2WF92X7X4R8_2013074079955.pdf,2.15,downloaded,verified,True,5,2026-02-11T11:52:43.504318
7G6YCW5R9NCP4,2013073967178,apostille_7G6YCW5R9NCP4_2013073967178.pdf,0.92,downloaded,verified,True,3,2026-02-11T11:52:44.618440
7FYS428VLM4F4,2013074021602,apostille_7FYS428VLM4F4_2013074021602.pdf,3.17,downloaded,verified,True,5,2026-02-11T11:52:46.356409
FN5P1X6ZIP6R3,2013074048357,apostille_FN5P1X6ZIP6R3_2013074048357.pdf,4.71,downloaded,verified,True,5,2026-02-11T11:52:48.626724
5GTUD58SJQ5N6,2013073928629,apostille_5GTUD58SJQ5N6_2013073928629.pdf,4.45,downloaded,verified,True,7,2026-02-11T11:52:50.946722
6R3U2Y63JZ6M3,2013073928629,apostille_6R3U2Y63JZ6M3_2013073928629.pdf,6.29,downloaded,verified,True,7,2026-02-11T11:52:53.591550
CTTO324Z8MDO7,2013074147166,apostille_CTTO324Z8MDO7_2013074147166.pdf,2.44,downloaded,verified,True,5,2026-02-11T11:52:55.100740
3R3T11BQ6TJI1,2013073973599,apostille_3R3T11BQ6TJI1_2013073973599.pdf,7.27,downloaded,verified,True,8,2026-02-11T11:52:58.043800
8I2N14CVELIQ5,2013073980269,apostille_8I2N14CVELIQ5_2013073980269.pdf,9.06,downloaded,verified,True,3,2026-02-11T11:53:01.637440
9T3M953ZBUHO4,2013073967857,apostille_9T3M953ZBUHO4_2013073967857.pdf,0.91,downloaded,verified,True,3,2026-02-11T11:53:02.721285
DR4Y1584JW9F4,2013073886585,apostille_DR4Y1584JW9F4_2013073886585.pdf,4.91,downloaded,verified,True,8,2026-02-11T11:53:05.112251
356V078ZELIK9,2013073928629,apostille_356V078ZELIK9_2013073928629.pdf,0.0,downloaded,verified,False,0,2026-02-11T11:53:06.258983
COUQ976XEZCH7,2013074010279,apostille_COUQ976XEZCH7_2013074010279.pdf,1.36,downloaded,verified,True,3,2026-02-11T11:53:06.870860
9J3V97AV8T4M8,2013074147166,apostille_9J3V97AV8T4M8_2013074147166.pdf,1.5,downloaded,verified,True,3,2026-02-11T11:53:08.186622
DLUX84ASKYII6,2013074013836,apostille_DLUX84ASKYII6_2013074013836.pdf,0.6,downloaded,verified,True,3,2026-02-11T11:53:09.132313
3HWVD912FN7H4,2013074053054,apostille_3HWVD912FN7H4_2013074053054.pdf,3.24,downloaded,verified,True,5,2026-02-11T11:53:10.868749
BO2TCZ6WHSFG4,2013074052736,apostille_BO2TCZ6WHSFG4_2013074052736.pdf,0.71,downloaded,verified,True,3,2026-02-11T11:53:11.992280
BO1SF0EVBU6P7,2013073999025,apostille_BO1SF0EVBU6P7_2013073999025.pdf,0.0,downloaded,verified,False,0,2026-02-11T11:53:12.935118
9OVS71FRKM453,2013073942632,apostille_9OVS71FRKM453_2013073942632.pdf,0.0,downloaded,verified,False,0,2026-02-11T11:53:13.887066
IPTZ514SCO6R9,2013074007644,apostille_IPTZ514SCO6R9_2013074007644.pdf,0.78,downloaded,verified,True,3,2026-02-11T11:53:14.930388
6QTV0Z4VIS7I1,2013074130885,apostille_6QTV0Z4VIS7I1_2013074130885.pdf,2.64,downloaded,verified,True,5,2026-02-11T11:53:16.505042
FJXU588SHPDP2,2013074127359,apostille_FJXU588SHPDP2_2013074127359.pdf,7.28,downloaded,verified,True,12,2026-02-11T11:53:19.816936
5L7N238Z7QHH5,2013074147166,apostille_5L7N238Z7QHH5_2013074147166.pdf,1.33,downloaded,verified,True,4,2026-02-11T11:53:21.001460
GGTUEBEZGYGH7,2013074155734,apostille_GGTUEBEZGYGH7_2013074155734.pdf,6.43,downloaded,verified,True,8,2026-02-11T11:53:23.701050
DOYO489SCL5K2,2013074137051,apostille_DOYO489SCL5K2_2013074137051.pdf,1.26,downloaded,verified,True,5,2026-02-11T11:53:24.937478
